,rmse,correlation
predicted_cucumber_weight_rrblup,1.029354246544204,-0.01636477754236926
predicted_cucumber_weight_linear,0.6455818536071211,0.7793512892352832
